seed,load_condition,submission_time_scale,cluster_shape,node_count,cpus_per_node,total_cpus,policy,jobs_completed,average_wait,median_wait,p95_wait,average_turnaround,throughput,cpu_utilization_percent
1,light,4,1x32,1,32,32,fcfs,200,0.000000,0.000000,0,11.035000,0.161160,19.908340
1,light,4,1x32,1,32,32,sjf,200,0.000000,0.000000,0,11.035000,0.161160,19.908340
1,light,4,1x32,1,32,32,backfill,200,0.000000,0.000000,0,11.035000,0.161160,19.908340
1,light,4,2x16,2,16,32,fcfs,200,0.000000,0.000000,0,11.035000,0.161160,19.908340
1,light,4,2x16,2,16,32,sjf,200,0.000000,0.000000,0,11.035000,0.161160,19.908340
1,light,4,2x16,2,16,32,backfill,200,0.000000,0.000000,0,11.035000,0.161160,19.908340
1,light,4,4x8,4,8,32,fcfs,200,0.000000,0.000000,0,11.035000,0.161160,19.908340
1,light,4,4x8,4,8,32,sjf,200,0.000000,0.000000,0,11.035000,0.161160,19.908340
1,light,4,4x8,4,8,32,backfill,200,0.000000,0.000000,0,11.035000,0.161160,19.908340
1,moderate,2,1x32,1,32,32,fcfs,200,0.025000,0.000000,0,11.060000,0.317965,39.278617
1,moderate,2,1x32,1,32,32,sjf,200,0.025000,0.000000,0,11.060000,0.317965,39.278617
1,moderate,2,1x32,1,32,32,backfill,200,0.020000,0.000000,0,11.055000,0.317965,39.278617
1,moderate,2,2x16,2,16,32,fcfs,200,0.025000,0.000000,0,11.060000,0.317965,39.278617
1,moderate,2,2x16,2,16,32,sjf,200,0.025000,0.000000,0,11.060000,0.317965,39.278617
1,moderate,2,2x16,2,16,32,backfill,200,0.020000,0.000000,0,11.055000,0.317965,39.278617
1,moderate,2,4x8,4,8,32,fcfs,200,0.025000,0.000000,0,11.060000,0.317965,39.278617
1,moderate,2,4x8,4,8,32,sjf,200,0.025000,0.000000,0,11.060000,0.317965,39.278617
1,moderate,2,4x8,4,8,32,backfill,200,0.020000,0.000000,0,11.055000,0.317965,39.278617
1,heavy,1,1x32,1,32,32,fcfs,200,2.130000,0.000000,8,13.165000,0.609756,75.323933
1,heavy,1,1x32,1,32,32,sjf,200,1.690000,0.000000,8,12.725000,0.619195,76.489938
1,heavy,1,1x32,1,32,32,backfill,200,1.380000,0.000000,8,12.415000,0.617284,76.253858
1,heavy,1,2x16,2,16,32,fcfs,200,3.335000,2.000000,11,14.370000,0.607903,75.094985
1,heavy,1,2x16,2,16,32,sjf,200,1.960000,0.000000,9,12.995000,0.617284,76.253858
1,heavy,1,2x16,2,16,32,backfill,200,1.395000,0.000000,9,12.430000,0.617284,76.253858
1,heavy,1,4x8,4,8,32,fcfs,200,4.660000,4.000000,13,15.695000,0.607903,75.094985
1,heavy,1,4x8,4,8,32,sjf,200,2.980000,0.000000,13,14.015000,0.615385,76.019231
1,heavy,1,4x8,4,8,32,backfill,200,1.810000,0.000000,10,12.845000,0.611621,75.554281
2,light,4,1x32,1,32,32,fcfs,200,0.000000,0.000000,0,10.730000,0.178253,23.493204
2,light,4,1x32,1,32,32,sjf,200,0.000000,0.000000,0,10.730000,0.178253,23.493204
2,light,4,1x32,1,32,32,backfill,200,0.000000,0.000000,0,10.730000,0.178253,23.493204
2,light,4,2x16,2,16,32,fcfs,200,0.000000,0.000000,0,10.730000,0.178253,23.493204
2,light,4,2x16,2,16,32,sjf,200,0.000000,0.000000,0,10.730000,0.178253,23.493204
2,light,4,2x16,2,16,32,backfill,200,0.000000,0.000000,0,10.730000,0.178253,23.493204
2,light,4,4x8,4,8,32,fcfs,200,0.000000,0.000000,0,10.730000,0.178253,23.493204
2,light,4,4x8,4,8,32,sjf,200,0.000000,0.000000,0,10.730000,0.178253,23.493204
2,light,4,4x8,4,8,32,backfill,200,0.000000,0.000000,0,10.730000,0.178253,23.493204
2,moderate,2,1x32,1,32,32,fcfs,200,0.065000,0.000000,0,10.795000,0.352113,46.407350
2,moderate,2,1x32,1,32,32,sjf,200,0.065000,0.000000,0,10.795000,0.352113,46.407350
2,moderate,2,1x32,1,32,32,backfill,200,0.065000,0.000000,0,10.795000,0.352113,46.407350
2,moderate,2,2x16,2,16,32,fcfs,200,0.085000,0.000000,0,10.815000,0.352113,46.407350
2,moderate,2,2x16,2,16,32,sjf,200,0.085000,0.000000,0,10.815000,0.352113,46.407350
2,moderate,2,2x16,2,16,32,backfill,200,0.085000,0.000000,0,10.815000,0.352113,46.407350
2,moderate,2,4x8,4,8,32,fcfs,200,0.090000,0.000000,0,10.820000,0.352113,46.407350
2,moderate,2,4x8,4,8,32,sjf,200,0.090000,0.000000,0,10.820000,0.352113,46.407350
2,moderate,2,4x8,4,8,32,backfill,200,0.090000,0.000000,0,10.820000,0.352113,46.407350
2,heavy,1,1x32,1,32,32,fcfs,200,11.815000,11.000000,24,22.545000,0.653595,86.141748
2,heavy,1,1x32,1,32,32,sjf,200,5.265000,2.000000,19,15.995000,0.662252,87.282699
2,heavy,1,1x32,1,32,32,backfill,200,5.040000,2.000000,18,15.770000,0.682594,89.963737
2,heavy,1,2x16,2,16,32,fcfs,200,16.640000,16.000000,33,27.370000,0.632911,83.415744
2,heavy,1,2x16,2,16,32,sjf,200,8.595000,2.000000,42,19.325000,0.619195,81.607972
2,heavy,1,2x16,2,16,32,backfill,200,7.450000,3.000000,25,18.180000,0.664452,87.572674
2,heavy,1,4x8,4,8,32,fcfs,200,25.040000,24.000000,47,35.770000,0.604230,79.635574
2,heavy,1,4x8,4,8,32,sjf,200,10.350000,2.000000,44,21.080000,0.604230,79.635574
2,heavy,1,4x8,4,8,32,backfill,200,9.050000,4.000000,29,19.780000,0.660066,86.994637
3,light,4,1x32,1,32,32,fcfs,200,0.065000,0.000000,0,10.575000,0.171086,22.251925
3,light,4,1x32,1,32,32,sjf,200,0.065000,0.000000,0,10.575000,0.171086,22.251925
3,light,4,1x32,1,32,32,backfill,200,0.065000,0.000000,0,10.575000,0.171086,22.251925
3,light,4,2x16,2,16,32,fcfs,200,0.115000,0.000000,0,10.625000,0.171086,22.251925
3,light,4,2x16,2,16,32,sjf,200,0.100000,0.000000,0,10.610000,0.171086,22.251925
3,light,4,2x16,2,16,32,backfill,200,0.100000,0.000000,0,10.610000,0.171086,22.251925
3,light,4,4x8,4,8,32,fcfs,200,0.115000,0.000000,0,10.625000,0.171086,22.251925
3,light,4,4x8,4,8,32,sjf,200,0.100000,0.000000,0,10.610000,0.171086,22.251925
3,light,4,4x8,4,8,32,backfill,200,0.100000,0.000000,0,10.610000,0.171086,22.251925
3,moderate,2,1x32,1,32,32,fcfs,200,0.335000,0.000000,2,10.845000,0.338409,44.014382
3,moderate,2,1x32,1,32,32,sjf,200,0.325000,0.000000,2,10.835000,0.338409,44.014382
3,moderate,2,1x32,1,32,32,backfill,200,0.290000,0.000000,1,10.800000,0.338409,44.014382
3,moderate,2,2x16,2,16,32,fcfs,200,0.450000,0.000000,2,10.960000,0.338409,44.014382
3,moderate,2,2x16,2,16,32,sjf,200,0.340000,0.000000,2,10.850000,0.338409,44.014382
3,moderate,2,2x16,2,16,32,backfill,200,0.290000,0.000000,1,10.800000,0.338409,44.014382
3,moderate,2,4x8,4,8,32,fcfs,200,0.450000,0.000000,2,10.960000,0.338409,44.014382
3,moderate,2,4x8,4,8,32,sjf,200,0.340000,0.000000,2,10.850000,0.338409,44.014382
3,moderate,2,4x8,4,8,32,backfill,200,0.290000,0.000000,1,10.800000,0.338409,44.014382
3,heavy,1,1x32,1,32,32,fcfs,200,4.825000,4.000000,12,15.335000,0.651466,84.731270
3,heavy,1,1x32,1,32,32,sjf,200,3.030000,1.000000,14,13.540000,0.660066,85.849835
3,heavy,1,1x32,1,32,32,backfill,200,2.345000,0.000000,12,12.855000,0.653595,85.008170
3,heavy,1,2x16,2,16,32,fcfs,200,10.980000,11.000000,19,21.490000,0.634921,82.579365
3,heavy,1,2x16,2,16,32,sjf,200,3.435000,1.000000,14,13.945000,0.655738,85.286885
3,heavy,1,2x16,2,16,32,backfill,200,2.820000,0.000000,15,13.330000,0.653595,85.008170
3,heavy,1,4x8,4,8,32,fcfs,200,14.555000,16.000000,27,25.065000,0.615385,80.038462
3,heavy,1,4x8,4,8,32,sjf,200,5.885000,3.000000,20,16.395000,0.636943,82.842357
3,heavy,1,4x8,4,8,32,backfill,200,3.330000,1.000000,16,13.840000,0.653595,85.008170
4,light,4,1x32,1,32,32,fcfs,200,0.000000,0.000000,0,10.400000,0.172712,19.734996
4,light,4,1x32,1,32,32,sjf,200,0.000000,0.000000,0,10.400000,0.172712,19.734996
4,light,4,1x32,1,32,32,backfill,200,0.000000,0.000000,0,10.400000,0.172712,19.734996
4,light,4,2x16,2,16,32,fcfs,200,0.000000,0.000000,0,10.400000,0.172712,19.734996
4,light,4,2x16,2,16,32,sjf,200,0.000000,0.000000,0,10.400000,0.172712,19.734996
4,light,4,2x16,2,16,32,backfill,200,0.000000,0.000000,0,10.400000,0.172712,19.734996
4,light,4,4x8,4,8,32,fcfs,200,0.000000,0.000000,0,10.400000,0.172712,19.734996
4,light,4,4x8,4,8,32,sjf,200,0.000000,0.000000,0,10.400000,0.172712,19.734996
4,light,4,4x8,4,8,32,backfill,200,0.000000,0.000000,0,10.400000,0.172712,19.734996
4,moderate,2,1x32,1,32,32,fcfs,200,0.005000,0.000000,0,10.405000,0.343643,39.266538
4,moderate,2,1x32,1,32,32,sjf,200,0.005000,0.000000,0,10.405000,0.343643,39.266538
4,moderate,2,1x32,1,32,32,backfill,200,0.005000,0.000000,0,10.405000,0.343643,39.266538
4,moderate,2,2x16,2,16,32,fcfs,200,0.010000,0.000000,0,10.410000,0.343643,39.266538
4,moderate,2,2x16,2,16,32,sjf,200,0.010000,0.000000,0,10.410000,0.343643,39.266538
4,moderate,2,2x16,2,16,32,backfill,200,0.010000,0.000000,0,10.410000,0.343643,39.266538
4,moderate,2,4x8,4,8,32,fcfs,200,0.010000,0.000000,0,10.410000,0.343643,39.266538
4,moderate,2,4x8,4,8,32,sjf,200,0.010000,0.000000,0,10.410000,0.343643,39.266538
4,moderate,2,4x8,4,8,32,backfill,200,0.010000,0.000000,0,10.410000,0.343643,39.266538
4,heavy,1,1x32,1,32,32,fcfs,200,1.625000,0.000000,7,12.025000,0.662252,75.672599
4,heavy,1,1x32,1,32,32,sjf,200,1.140000,0.000000,5,11.540000,0.662252,75.672599
4,heavy,1,1x32,1,32,32,backfill,200,0.870000,0.000000,4,11.270000,0.662252,75.672599
4,heavy,1,2x16,2,16,32,fcfs,200,2.670000,2.000000,9,13.070000,0.660066,75.422855
4,heavy,1,2x16,2,16,32,sjf,200,1.295000,0.000000,7,11.695000,0.657895,75.174753
4,heavy,1,2x16,2,16,32,backfill,200,1.060000,0.000000,4,11.460000,0.662252,75.672599
4,heavy,1,4x8,4,8,32,fcfs,200,6.160000,6.000000,14,16.560000,0.645161,73.719758
4,heavy,1,4x8,4,8,32,sjf,200,1.980000,0.000000,8,12.380000,0.662252,75.672599
4,heavy,1,4x8,4,8,32,backfill,200,1.660000,0.000000,9,12.060000,0.666667,76.177083
5,light,4,1x32,1,32,32,fcfs,200,0.000000,0.000000,0,10.480000,0.157729,19.129535
5,light,4,1x32,1,32,32,sjf,200,0.000000,0.000000,0,10.480000,0.157729,19.129535
5,light,4,1x32,1,32,32,backfill,200,0.000000,0.000000,0,10.480000,0.157729,19.129535
5,light,4,2x16,2,16,32,fcfs,200,0.000000,0.000000,0,10.480000,0.157729,19.129535
5,light,4,2x16,2,16,32,sjf,200,0.000000,0.000000,0,10.480000,0.157729,19.129535
5,light,4,2x16,2,16,32,backfill,200,0.000000,0.000000,0,10.480000,0.157729,19.129535
5,light,4,4x8,4,8,32,fcfs,200,0.000000,0.000000,0,10.480000,0.157729,19.129535
5,light,4,4x8,4,8,32,sjf,200,0.000000,0.000000,0,10.480000,0.157729,19.129535
5,light,4,4x8,4,8,32,backfill,200,0.000000,0.000000,0,10.480000,0.157729,19.129535
5,moderate,2,1x32,1,32,32,fcfs,200,0.030000,0.000000,0,10.510000,0.313480,38.019201
5,moderate,2,1x32,1,32,32,sjf,200,0.030000,0.000000,0,10.510000,0.313480,38.019201
5,moderate,2,1x32,1,32,32,backfill,200,0.030000,0.000000,0,10.510000,0.313480,38.019201
5,moderate,2,2x16,2,16,32,fcfs,200,0.030000,0.000000,0,10.510000,0.313480,38.019201
5,moderate,2,2x16,2,16,32,sjf,200,0.030000,0.000000,0,10.510000,0.313480,38.019201
5,moderate,2,2x16,2,16,32,backfill,200,0.030000,0.000000,0,10.510000,0.313480,38.019201
5,moderate,2,4x8,4,8,32,fcfs,200,0.080000,0.000000,0,10.560000,0.312989,37.959703
5,moderate,2,4x8,4,8,32,sjf,200,0.070000,0.000000,0,10.550000,0.312989,37.959703
5,moderate,2,4x8,4,8,32,backfill,200,0.060000,0.000000,0,10.540000,0.312989,37.959703
5,heavy,1,1x32,1,32,32,fcfs,200,1.595000,0.000000,8,12.075000,0.595238,72.191220
5,heavy,1,1x32,1,32,32,sjf,200,1.180000,0.000000,6,11.660000,0.581395,70.512355
5,heavy,1,1x32,1,32,32,backfill,200,1.035000,0.000000,7,11.515000,0.595238,72.191220
5,heavy,1,2x16,2,16,32,fcfs,200,1.980000,0.000000,9,12.460000,0.595238,72.191220
5,heavy,1,2x16,2,16,32,sjf,200,1.625000,0.000000,9,12.105000,0.578035,70.104769
5,heavy,1,2x16,2,16,32,backfill,200,1.200000,0.000000,9,11.680000,0.589971,71.552360
5,heavy,1,4x8,4,8,32,fcfs,200,2.925000,1.000000,11,13.405000,0.591716,71.764053
5,heavy,1,4x8,4,8,32,sjf,200,1.880000,0.000000,9,12.360000,0.578035,70.104769
5,heavy,1,4x8,4,8,32,backfill,200,1.660000,0.000000,11,12.140000,0.589971,71.552360
6,light,4,1x32,1,32,32,fcfs,200,0.000000,0.000000,0,10.640000,0.174672,20.919760
6,light,4,1x32,1,32,32,sjf,200,0.000000,0.000000,0,10.640000,0.174672,20.919760
6,light,4,1x32,1,32,32,backfill,200,0.000000,0.000000,0,10.640000,0.174672,20.919760
6,light,4,2x16,2,16,32,fcfs,200,0.000000,0.000000,0,10.640000,0.174672,20.919760
6,light,4,2x16,2,16,32,sjf,200,0.000000,0.000000,0,10.640000,0.174672,20.919760
6,light,4,2x16,2,16,32,backfill,200,0.000000,0.000000,0,10.640000,0.174672,20.919760
6,light,4,4x8,4,8,32,fcfs,200,0.020000,0.000000,0,10.660000,0.174672,20.919760
6,light,4,4x8,4,8,32,sjf,200,0.020000,0.000000,0,10.660000,0.174672,20.919760
6,light,4,4x8,4,8,32,backfill,200,0.020000,0.000000,0,10.660000,0.174672,20.919760
6,moderate,2,1x32,1,32,32,fcfs,200,0.175000,0.000000,1,10.815000,0.344234,41.227410
6,moderate,2,1x32,1,32,32,sjf,200,0.165000,0.000000,0,10.805000,0.344234,41.227410
6,moderate,2,1x32,1,32,32,backfill,200,0.130000,0.000000,0,10.770000,0.344234,41.227410
6,moderate,2,2x16,2,16,32,fcfs,200,0.185000,0.000000,1,10.825000,0.344234,41.227410
6,moderate,2,2x16,2,16,32,sjf,200,0.205000,0.000000,1,10.845000,0.344234,41.227410
6,moderate,2,2x16,2,16,32,backfill,200,0.140000,0.000000,0,10.780000,0.344234,41.227410
6,moderate,2,4x8,4,8,32,fcfs,200,0.225000,0.000000,2,10.865000,0.344234,41.227410
6,moderate,2,4x8,4,8,32,sjf,200,0.245000,0.000000,1,10.885000,0.344234,41.227410
6,moderate,2,4x8,4,8,32,backfill,200,0.175000,0.000000,0,10.815000,0.344234,41.227410
6,heavy,1,1x32,1,32,32,fcfs,200,3.660000,2.000000,15,14.300000,0.664452,79.578488
6,heavy,1,1x32,1,32,32,sjf,200,1.990000,0.000000,7,12.630000,0.664452,79.578488
6,heavy,1,1x32,1,32,32,backfill,200,1.685000,0.000000,10,12.325000,0.664452,79.578488
6,heavy,1,2x16,2,16,32,fcfs,200,4.475000,2.500000,17,15.115000,0.664452,79.578488
6,heavy,1,2x16,2,16,32,sjf,200,2.305000,0.000000,8,12.945000,0.664452,79.578488
6,heavy,1,2x16,2,16,32,backfill,200,1.740000,0.000000,10,12.380000,0.664452,79.578488
6,heavy,1,4x8,4,8,32,fcfs,200,7.460000,6.000000,20,18.100000,0.662252,79.314983
6,heavy,1,4x8,4,8,32,sjf,200,3.425000,1.000000,15,14.065000,0.664452,79.578488
6,heavy,1,4x8,4,8,32,backfill,200,1.925000,0.000000,12,12.565000,0.664452,79.578488
7,light,4,1x32,1,32,32,fcfs,200,0.095000,0.000000,0,10.535000,0.183318,22.018217
7,light,4,1x32,1,32,32,sjf,200,0.095000,0.000000,0,10.535000,0.183318,22.018217
7,light,4,1x32,1,32,32,backfill,200,0.095000,0.000000,0,10.535000,0.183318,22.018217
7,light,4,2x16,2,16,32,fcfs,200,0.095000,0.000000,0,10.535000,0.183318,22.018217
7,light,4,2x16,2,16,32,sjf,200,0.095000,0.000000,0,10.535000,0.183318,22.018217
7,light,4,2x16,2,16,32,backfill,200,0.095000,0.000000,0,10.535000,0.183318,22.018217
7,light,4,4x8,4,8,32,fcfs,200,0.095000,0.000000,0,10.535000,0.183318,22.018217
7,light,4,4x8,4,8,32,sjf,200,0.095000,0.000000,0,10.535000,0.183318,22.018217
7,light,4,4x8,4,8,32,backfill,200,0.095000,0.000000,0,10.535000,0.183318,22.018217
7,moderate,2,1x32,1,32,32,fcfs,200,0.465000,0.000000,4,10.905000,0.361664,43.439195
7,moderate,2,1x32,1,32,32,sjf,200,0.500000,0.000000,4,10.940000,0.361664,43.439195
7,moderate,2,1x32,1,32,32,backfill,200,0.365000,0.000000,3,10.805000,0.361664,43.439195
7,moderate,2,2x16,2,16,32,fcfs,200,0.505000,0.000000,4,10.945000,0.361664,43.439195
7,moderate,2,2x16,2,16,32,sjf,200,0.540000,0.000000,5,10.980000,0.361664,43.439195
7,moderate,2,2x16,2,16,32,backfill,200,0.385000,0.000000,3,10.825000,0.361664,43.439195
7,moderate,2,4x8,4,8,32,fcfs,200,0.635000,0.000000,5,11.075000,0.361664,43.439195
7,moderate,2,4x8,4,8,32,sjf,200,0.555000,0.000000,5,10.995000,0.361664,43.439195
7,moderate,2,4x8,4,8,32,backfill,200,0.390000,0.000000,2,10.830000,0.361664,43.439195
7,heavy,1,1x32,1,32,32,fcfs,200,8.665000,6.000000,23,19.105000,0.680272,81.707058
7,heavy,1,1x32,1,32,32,sjf,200,5.695000,2.000000,22,16.135000,0.677966,81.430085
7,heavy,1,1x32,1,32,32,backfill,200,4.645000,0.000000,22,15.085000,0.689655,82.834052
7,heavy,1,2x16,2,16,32,fcfs,200,15.045000,14.000000,32,25.485000,0.660066,79.280116
7,heavy,1,2x16,2,16,32,sjf,200,9.635000,2.000000,52,20.075000,0.647249,77.740696
7,heavy,1,2x16,2,16,32,backfill,200,5.990000,1.000000,27,16.430000,0.677966,81.430085
7,heavy,1,4x8,4,8,32,fcfs,200,23.560000,25.000000,42,34.000000,0.638978,76.747204
7,heavy,1,4x8,4,8,32,sjf,200,10.185000,3.000000,46,20.625000,0.662252,79.542632
7,heavy,1,4x8,4,8,32,backfill,200,6.195000,1.000000,28,16.635000,0.677966,81.430085
8,light,4,1x32,1,32,32,fcfs,200,0.000000,0.000000,0,10.670000,0.162075,20.031402
8,light,4,1x32,1,32,32,sjf,200,0.000000,0.000000,0,10.670000,0.162075,20.031402
8,light,4,1x32,1,32,32,backfill,200,0.000000,0.000000,0,10.670000,0.162075,20.031402
8,light,4,2x16,2,16,32,fcfs,200,0.000000,0.000000,0,10.670000,0.162075,20.031402
8,light,4,2x16,2,16,32,sjf,200,0.000000,0.000000,0,10.670000,0.162075,20.031402
8,light,4,2x16,2,16,32,backfill,200,0.000000,0.000000,0,10.670000,0.162075,20.031402
8,light,4,4x8,4,8,32,fcfs,200,0.000000,0.000000,0,10.670000,0.162075,20.031402
8,light,4,4x8,4,8,32,sjf,200,0.000000,0.000000,0,10.670000,0.162075,20.031402
8,light,4,4x8,4,8,32,backfill,200,0.000000,0.000000,0,10.670000,0.162075,20.031402
8,moderate,2,1x32,1,32,32,fcfs,200,0.120000,0.000000,0,10.790000,0.319489,39.486821
8,moderate,2,1x32,1,32,32,sjf,200,0.095000,0.000000,0,10.765000,0.319489,39.486821
8,moderate,2,1x32,1,32,32,backfill,200,0.080000,0.000000,0,10.750000,0.319489,39.486821
8,moderate,2,2x16,2,16,32,fcfs,200,0.150000,0.000000,1,10.820000,0.319489,39.486821
8,moderate,2,2x16,2,16,32,sjf,200,0.120000,0.000000,0,10.790000,0.319489,39.486821
8,moderate,2,2x16,2,16,32,backfill,200,0.100000,0.000000,0,10.770000,0.319489,39.486821
8,moderate,2,4x8,4,8,32,fcfs,200,0.170000,0.000000,2,10.840000,0.319489,39.486821
8,moderate,2,4x8,4,8,32,sjf,200,0.130000,0.000000,0,10.800000,0.319489,39.486821
8,moderate,2,4x8,4,8,32,backfill,200,0.110000,0.000000,0,10.780000,0.319489,39.486821
8,heavy,1,1x32,1,32,32,fcfs,200,3.285000,1.000000,12,13.955000,0.621118,76.766304
8,heavy,1,1x32,1,32,32,sjf,200,2.360000,0.000000,11,13.030000,0.621118,76.766304
8,heavy,1,1x32,1,32,32,backfill,200,1.815000,0.000000,11,12.485000,0.621118,76.766304
8,heavy,1,2x16,2,16,32,fcfs,200,3.910000,2.000000,13,14.580000,0.621118,76.766304
8,heavy,1,2x16,2,16,32,sjf,200,3.760000,1.000000,16,14.430000,0.617284,76.292438
8,heavy,1,2x16,2,16,32,backfill,200,1.745000,0.000000,10,12.415000,0.621118,76.766304
8,heavy,1,4x8,4,8,32,fcfs,200,5.990000,5.000000,17,16.660000,0.613497,75.824387
8,heavy,1,4x8,4,8,32,sjf,200,4.340000,1.000000,19,15.010000,0.609756,75.362043
8,heavy,1,4x8,4,8,32,backfill,200,2.565000,0.000000,16,13.235000,0.621118,76.766304
9,light,4,1x32,1,32,32,fcfs,200,0.000000,0.000000,0,10.035000,0.169779,19.330963
9,light,4,1x32,1,32,32,sjf,200,0.000000,0.000000,0,10.035000,0.169779,19.330963
9,light,4,1x32,1,32,32,backfill,200,0.000000,0.000000,0,10.035000,0.169779,19.330963
9,light,4,2x16,2,16,32,fcfs,200,0.000000,0.000000,0,10.035000,0.169779,19.330963
9,light,4,2x16,2,16,32,sjf,200,0.000000,0.000000,0,10.035000,0.169779,19.330963
9,light,4,2x16,2,16,32,backfill,200,0.000000,0.000000,0,10.035000,0.169779,19.330963
9,light,4,4x8,4,8,32,fcfs,200,0.000000,0.000000,0,10.035000,0.169779,19.330963
9,light,4,4x8,4,8,32,sjf,200,0.000000,0.000000,0,10.035000,0.169779,19.330963
9,light,4,4x8,4,8,32,backfill,200,0.000000,0.000000,0,10.035000,0.169779,19.330963
9,moderate,2,1x32,1,32,32,fcfs,200,0.025000,0.000000,0,10.060000,0.334448,38.080059
9,moderate,2,1x32,1,32,32,sjf,200,0.020000,0.000000,0,10.055000,0.334448,38.080059
9,moderate,2,1x32,1,32,32,backfill,200,0.020000,0.000000,0,10.055000,0.334448,38.080059
9,moderate,2,2x16,2,16,32,fcfs,200,0.025000,0.000000,0,10.060000,0.334448,38.080059
9,moderate,2,2x16,2,16,32,sjf,200,0.020000,0.000000,0,10.055000,0.334448,38.080059
9,moderate,2,2x16,2,16,32,backfill,200,0.020000,0.000000,0,10.055000,0.334448,38.080059
9,moderate,2,4x8,4,8,32,fcfs,200,0.035000,0.000000,0,10.070000,0.334448,38.080059
9,moderate,2,4x8,4,8,32,sjf,200,0.030000,0.000000,0,10.065000,0.334448,38.080059
9,moderate,2,4x8,4,8,32,backfill,200,0.030000,0.000000,0,10.065000,0.334448,38.080059
9,heavy,1,1x32,1,32,32,fcfs,200,2.010000,0.000000,11,12.045000,0.638978,72.753594
9,heavy,1,1x32,1,32,32,sjf,200,1.335000,0.000000,6,11.370000,0.647249,73.695388
9,heavy,1,1x32,1,32,32,backfill,200,1.360000,0.000000,7,11.395000,0.649351,73.934659
9,heavy,1,2x16,2,16,32,fcfs,200,2.685000,0.000000,12,12.720000,0.630915,71.835568
9,heavy,1,2x16,2,16,32,sjf,200,1.795000,0.000000,8,11.830000,0.638978,72.753594
9,heavy,1,2x16,2,16,32,backfill,200,1.520000,0.000000,9,11.555000,0.643087,73.221463
9,heavy,1,4x8,4,8,32,fcfs,200,3.785000,1.000000,13,13.820000,0.625000,71.162109
9,heavy,1,4x8,4,8,32,sjf,200,1.625000,0.000000,8,11.660000,0.645161,73.457661
9,heavy,1,4x8,4,8,32,backfill,200,1.765000,0.000000,11,11.800000,0.643087,73.221463
10,light,4,1x32,1,32,32,fcfs,200,0.015000,0.000000,0,10.780000,0.160514,21.681882
10,light,4,1x32,1,32,32,sjf,200,0.015000,0.000000,0,10.780000,0.160514,21.681882
10,light,4,1x32,1,32,32,backfill,200,0.015000,0.000000,0,10.780000,0.160514,21.681882
10,light,4,2x16,2,16,32,fcfs,200,0.020000,0.000000,0,10.785000,0.160514,21.681882
10,light,4,2x16,2,16,32,sjf,200,0.020000,0.000000,0,10.785000,0.160514,21.681882
10,light,4,2x16,2,16,32,backfill,200,0.020000,0.000000,0,10.785000,0.160514,21.681882
10,light,4,4x8,4,8,32,fcfs,200,0.020000,0.000000,0,10.785000,0.160514,21.681882
10,light,4,4x8,4,8,32,sjf,200,0.020000,0.000000,0,10.785000,0.160514,21.681882
10,light,4,4x8,4,8,32,backfill,200,0.020000,0.000000,0,10.785000,0.160514,21.681882
10,moderate,2,1x32,1,32,32,fcfs,200,0.435000,0.000000,4,11.200000,0.317965,42.950119
10,moderate,2,1x32,1,32,32,sjf,200,0.365000,0.000000,3,11.130000,0.317965,42.950119
10,moderate,2,1x32,1,32,32,backfill,200,0.330000,0.000000,2,11.095000,0.317965,42.950119
10,moderate,2,2x16,2,16,32,fcfs,200,0.490000,0.000000,4,11.255000,0.317965,42.950119
10,moderate,2,2x16,2,16,32,sjf,200,0.385000,0.000000,3,11.150000,0.317965,42.950119
10,moderate,2,2x16,2,16,32,backfill,200,0.445000,0.000000,3,11.210000,0.317965,42.950119
10,moderate,2,4x8,4,8,32,fcfs,200,0.515000,0.000000,4,11.280000,0.317965,42.950119
10,moderate,2,4x8,4,8,32,sjf,200,0.440000,0.000000,3,11.205000,0.317965,42.950119
10,moderate,2,4x8,4,8,32,backfill,200,0.530000,0.000000,5,11.295000,0.317965,42.950119
10,heavy,1,1x32,1,32,32,fcfs,200,6.915000,3.000000,25,17.680000,0.619195,83.639706
10,heavy,1,1x32,1,32,32,sjf,200,3.400000,1.000000,14,14.165000,0.619195,83.639706
10,heavy,1,1x32,1,32,32,backfill,200,3.430000,0.000000,19,14.195000,0.619195,83.639706
10,heavy,1,2x16,2,16,32,fcfs,200,10.645000,7.000000,30,21.410000,0.604230,81.618202
10,heavy,1,2x16,2,16,32,sjf,200,5.000000,1.000000,23,15.765000,0.606061,81.865530
10,heavy,1,2x16,2,16,32,backfill,200,4.100000,0.000000,25,14.865000,0.619195,83.639706
10,heavy,1,4x8,4,8,32,fcfs,200,13.595000,8.000000,35,24.360000,0.584795,78.993056
10,heavy,1,4x8,4,8,32,sjf,200,6.530000,2.000000,26,17.295000,0.598802,80.885105
10,heavy,1,4x8,4,8,32,backfill,200,4.780000,0.000000,30,15.545000,0.619195,83.639706
